age,income,loan_amount,credit_history_length,existing_debt,approved,employment_status_self-employed,employment_status_unemployed,payment_history_fair,payment_history_good,payment_history_poor
56.0,77447.0,40654.0,16.0,4766.0,1,False,True,True,False,False
69.0,36444.0,42826.0,8.0,18338.0,0,False,True,False,False,True
46.0,73070.0,14272.0,3.0,-4615.0,0,False,False,False,False,True
32.0,42499.0,11984.0,22.0,17548.0,0,True,False,True,False,False
60.0,36117.0,27152.0,27.0,8870.0,0,True,False,False,True,False
25.0,52197.0,51601.0,13.0,20722.0,1,False,True,False,True,False
78.0,56849.0,19591.0,18.0,9990.0,1,True,False,False,False,False
38.0,88230.0,36824.0,25.0,4223.0,0,False,True,True,False,False
56.0,56390.0,36825.0,27.0,12464.0,1,False,False,False,True,False
75.0,53865.0,41411.0,2.0,9756.0,0,True,False,True,False,False
36.0,81922.0,54966.0,13.0,3513.0,1,False,False,False,True,False
40.0,62021.0,53428.0,7.0,27746.0,1,True,False,False,False,False
28.0,37114.0,21080.0,23.0,2231.0,0,False,False,False,False,False
28.0,77119.0,-1468.0,26.0,-7943.0,0,True,False,True,False,False
41.0,35207.0,19822.0,27.0,22653.0,1,False,False,False,True,False
70.0,37015.0,31135.0,0.0,5331.0,0,False,False,False,False,True
53.0,33029.0,24575.0,9.0,7625.0,1,True,False,False,False,False
57.0,31275.0,59518.0,17.0,7136.0,0,False,False,True,False,False
41.0,56663.0,30281.0,15.0,5442.0,0,False,False,True,False,False
20.0,44841.0,39805.0,7.0,3870.0,0,False,False,False,True,False
39.0,-19563.0,33258.0,0.0,2025.0,0,True,False,True,False,False
70.0,44634.0,24800.0,11.0,10518.0,1,True,False,False,False,False
19.0,39641.0,1127.0,7.0,6784.0,0,False,False,True,False,False
41.0,67856.0,28820.0,23.0,15842.0,0,False,False,True,False,False
61.0,38734.0,78819.0,15.0,13861.0,0,True,False,False,False,True
47.0,100785.0,11333.0,17.0,2579.0,0,True,False,False,False,True
55.0,77935.0,2776.0,3.0,10868.0,0,False,False,False,False,False
19.0,42201.0,59045.0,5.0,6657.0,1,False,False,False,True,False
77.0,72992.0,41131.0,11.0,2066.0,0,False,False,False,False,True
38.0,60504.0,32811.0,26.0,15515.0,0,False,True,False,True,False
50.0,54669.0,50440.0,8.0,9029.0,1,True,False,False,False,False
29.0,66053.0,17527.0,14.0,6739.0,1,False,True,False,False,True
75.0,51081.0,28401.0,15.0,3155.0,1,True,False,False,True,False
39.0,54807.0,44327.0,23.0,1776.0,0,True,False,False,False,True
78.0,66467.0,61655.0,11.0,25910.0,1,True,False,False,False,False
61.0,91049.0,12471.0,23.0,12672.0,1,True,False,False,False,False
42.0,55023.0,49211.0,22.0,1270.0,0,True,False,False,False,True
66.0,40924.0,35727.0,13.0,12302.0,1,True,False,False,True,False
44.0,9415.0,32445.0,12.0,18496.0,0,True,False,True,False,False
76.0,89226.0,29884.0,24.0,11340.0,0,False,True,True,False,False
59.0,44735.0,9230.0,1.0,20992.0,0,False,False,False,False,True
45.0,60696.0,44446.0,2.0,-2342.0,1,False,False,False,True,False
77.0,88118.0,18265.0,25.0,-5930.0,0,False,True,True,False,False
33.0,54552.0,13804.0,23.0,12084.0,1,False,True,False,False,False
32.0,46106.0,43281.0,29.0,12211.0,1,False,True,False,True,False
79.0,78393.0,41837.0,21.0,-16716.0,0,False,True,True,False,False
79.0,59214.0,31185.0,9.0,5011.0,1,True,False,False,True,False
64.0,61722.0,46193.0,8.0,1930.0,0,False,False,False,False,True
79.0,19536.0,51389.0,25.0,-1135.0,0,True,False,False,True,False
68.0,74118.0,49623.0,19.0,1911.0,0,False,False,True,False,False
61.0,57511.0,22075.0,7.0,14766.0,0,False,False,False,False,True
72.0,22568.0,45211.0,9.0,1860.0,0,False,True,False,True,False
69.0,59701.0,33174.0,18.0,2135.0,1,True,False,False,False,False
74.0,8749.0,55888.0,2.0,-2950.0,0,False,True,True,False,False
20.0,96839.0,28144.0,23.0,20151.0,0,True,False,False,False,True
54.0,27962.0,24652.0,4.0,13477.0,0,False,False,False,True,False
68.0,82235.0,20793.0,2.0,-9938.0,1,False,True,False,False,False
24.0,33740.0,32839.0,25.0,2142.0,0,False,True,True,False,False
38.0,61204.0,37000.0,26.0,14228.0,1,False,False,False,False,False
26.0,31757.0,37289.0,15.0,20251.0,0,False,False,False,True,False
56.0,69942.0,35237.0,16.0,16726.0,1,False,False,False,True,False
35.0,45293.0,40065.0,14.0,7154.0,0,False,True,False,False,True
21.0,59355.0,26661.0,2.0,-5451.0,0,True,False,False,False,False
42.0,50301.0,16912.0,11.0,16961.0,0,False,True,False,False,True
77.0,22686.0,15602.0,8.0,7624.0,0,True,False,True,False,False
31.0,60082.0,44625.0,20.0,10550.0,0,False,True,False,False,True
67.0,39935.0,37054.0,11.0,8580.0,0,False,True,True,False,False
75.0,70906.0,2162.0,25.0,-844.0,0,False,False,False,True,False
26.0,45282.0,46451.0,14.0,12914.0,0,True,False,False,True,False
43.0,48464.0,58206.0,1.0,11811.0,0,False,True,False,False,False
70.0,83658.0,19261.0,22.0,6593.0,0,False,True,True,False,False
19.0,97632.0,35042.0,17.0,13768.0,1,False,False,False,True,False
37.0,65720.0,22898.0,19.0,-991.0,1,False,False,False,False,False
45.0,44257.0,39424.0,11.0,7847.0,1,True,False,False,False,False
64.0,42506.0,12509.0,22.0,10209.0,0,False,True,False,False,True
77.0,33626.0,28928.0,3.0,-3879.0,0,True,False,False,False,False
24.0,37495.0,44719.0,22.0,9543.0,0,False,True,False,True,False
61.0,44527.0,48535.0,15.0,15869.0,0,True,False,False,False,True
78.0,89285.0,36397.0,22.0,7574.0,0,False,False,True,False,False
25.0,46055.0,24914.0,15.0,9727.0,0,False,True,True,False,False
64.0,25478.0,6110.0,0.0,14498.0,0,True,False,False,True,False
52.0,50833.0,18636.0,21.0,6897.0,1,False,False,False,True,False
31.0,53562.0,22960.0,24.0,7617.0,0,False,False,False,False,True
34.0,50712.0,19533.0,1.0,586.0,0,True,False,False,False,True
53.0,65993.0,30893.0,29.0,9880.0,1,False,True,False,True,False
67.0,51380.0,24871.0,2.0,7321.0,1,False,True,False,True,False
57.0,65374.0,32581.0,25.0,13992.0,0,False,False,True,False,False
21.0,34393.0,48039.0,20.0,14507.0,0,False,True,True,False,False
19.0,85614.0,23903.0,24.0,16329.0,0,False,True,True,False,False
79.0,55049.0,9256.0,19.0,5933.0,1,False,True,False,True,False
23.0,58004.0,19474.0,16.0,-7412.0,0,False,False,False,False,False
71.0,34309.0,38753.0,19.0,15933.0,0,True,False,False,True,False
59.0,59436.0,40169.0,21.0,13448.0,1,False,True,False,True,False
21.0,63021.0,36091.0,20.0,4917.0,0,False,False,True,False,False
71.0,26604.0,49511.0,29.0,14439.0,0,False,False,False,True,False
46.0,16818.0,27204.0,28.0,-1588.0,0,True,False,False,False,True
35.0,55873.0,60782.0,0.0,18241.0,0,False,True,False,True,False
43.0,40224.0,42272.0,19.0,7331.0,0,False,True,False,True,False
61.0,55198.0,-7852.0,5.0,3368.0,1,True,False,False,True,False
51.0,24179.0,57009.0,28.0,5026.0,0,True,False,False,True,False
27.0,18789.0,18495.0,14.0,8148.0,0,False,False,False,False,False
79.0,54133.0,14488.0,25.0,9903.0,1,False,False,False,True,False
53.0,43004.0,37856.0,25.0,10386.0,0,True,False,False,False,True
31.0,7786.0,3927.0,13.0,6563.0,0,False,True,False,False,True
48.0,76861.0,19567.0,19.0,11601.0,1,False,False,False,True,False
65.0,23846.0,53356.0,14.0,10066.0,0,False,False,True,False,False
32.0,101466.0,38343.0,13.0,4819.0,1,False,True,False,False,False
25.0,37519.0,42183.0,24.0,3614.0,0,False,False,False,True,False
31.0,58031.0,20146.0,20.0,14866.0,1,False,True,False,True,False
40.0,82938.0,6924.0,23.0,14194.0,1,False,True,False,True,False
77.0,79588.0,40602.0,24.0,10457.0,1,False,True,True,False,False
74.0,89722.0,43953.0,25.0,17393.0,0,True,False,True,False,False
79.0,19538.0,43274.0,4.0,-5690.0,0,True,False,True,False,False
57.0,27282.0,33136.0,5.0,5484.0,0,True,False,False,False,False
38.0,54519.0,15493.0,16.0,749.0,0,False,True,False,False,True
33.0,66794.0,66566.0,10.0,28050.0,1,False,True,False,False,False
62.0,49775.0,37196.0,15.0,15705.0,1,True,False,True,False,False
35.0,17240.0,27391.0,11.0,9367.0,0,False,False,False,False,True
64.0,59931.0,27458.0,14.0,16279.0,0,False,True,False,False,True
70.0,46114.0,32243.0,22.0,18930.0,0,False,False,True,False,False
41.0,45875.0,46044.0,3.0,18845.0,0,False,False,True,False,False
43.0,4440.0,32844.0,26.0,17373.0,0,False,True,False,False,False
42.0,65949.0,42877.0,17.0,7899.0,0,False,True,True,False,False
77.0,52904.0,32270.0,20.0,5989.0,0,False,False,False,False,True
77.0,85903.0,28314.0,27.0,2302.0,1,False,False,False,True,False
77.0,48509.0,39618.0,2.0,14019.0,1,True,False,True,False,False
62.0,61326.0,39049.0,21.0,8728.0,0,True,False,True,False,False
58.0,66636.0,27455.0,7.0,6652.0,1,False,True,False,False,False
46.0,15076.0,18761.0,22.0,6234.0,0,True,False,False,False,False
32.0,102333.0,35125.0,2.0,21601.0,0,True,False,True,False,False
62.0,41384.0,31175.0,7.0,17621.0,0,True,False,False,False,True
18.0,59891.0,21676.0,17.0,24643.0,1,True,False,False,False,True
42.0,62811.0,17363.0,9.0,14232.0,1,False,False,False,True,False
24.0,33704.0,36157.0,24.0,10455.0,0,False,True,True,False,False
26.0,86939.0,38251.0,19.0,9796.0,1,True,False,False,False,False
41.0,55319.0,24599.0,16.0,1837.0,0,False,False,False,False,True
18.0,45730.0,21300.0,7.0,-91.0,0,False,False,False,True,False
61.0,52770.0,17546.0,22.0,14058.0,0,False,False,True,False,False
25.0,65285.0,35733.0,10.0,2522.0,0,True,False,False,False,True
41.0,50215.0,17940.0,28.0,11691.0,0,True,False,True,False,False
28.0,67638.0,63617.0,4.0,18923.0,0,False,True,True,False,False
68.0,16302.0,23845.0,25.0,4676.0,1,True,False,False,False,True
34.0,35040.0,-6378.0,12.0,26083.0,1,True,False,False,False,True
25.0,7223.0,29547.0,20.0,2074.0,0,False,False,False,False,True
52.0,89940.0,28904.0,22.0,17921.0,0,False,True,True,False,False
52.0,89679.0,46675.0,4.0,13398.0,0,True,False,True,False,False
50.0,62532.0,34321.0,23.0,19552.0,1,True,False,False,True,False
76.0,29747.0,17492.0,26.0,1070.0,1,False,False,False,False,False
22.0,97797.0,25704.0,12.0,28456.0,0,False,False,True,False,False
59.0,37911.0,34911.0,5.0,8569.0,1,True,False,False,False,False
56.0,45735.0,-2470.0,28.0,15413.0,0,False,True,False,False,True
75.0,53190.0,50079.0,4.0,21555.0,0,False,True,True,False,False
58.0,59030.0,17532.0,8.0,5162.0,1,False,False,False,True,False
45.0,62876.0,51255.0,26.0,16605.0,1,False,False,False,True,False
24.0,63679.0,35886.0,15.0,3828.0,0,True,False,False,False,False
26.0,47109.0,39443.0,1.0,21175.0,0,False,False,False,False,True
25.0,63362.0,47241.0,0.0,3918.0,1,True,False,False,False,False
29.0,46215.0,38596.0,7.0,10308.0,0,False,True,False,False,True
51.0,61586.0,40093.0,27.0,12448.0,1,False,True,False,True,False
50.0,59945.0,27533.0,18.0,16274.0,1,True,False,False,False,False
65.0,65256.0,35582.0,29.0,25747.0,1,False,False,False,True,False
72.0,62759.0,21187.0,10.0,6384.0,1,False,True,False,True,False
40.0,41151.0,24848.0,27.0,19109.0,0,False,False,False,False,True
79.0,59174.0,59470.0,11.0,25762.0,0,False,True,False,False,False
41.0,63067.0,17877.0,11.0,11325.0,1,True,False,False,False,False
54.0,24177.0,32314.0,6.0,5598.0,0,True,False,False,True,False
52.0,44519.0,31702.0,25.0,-3840.0,1,True,False,False,True,False
61.0,62162.0,25338.0,12.0,25066.0,1,False,True,False,False,True
57.0,84185.0,37716.0,26.0,8044.0,0,False,False,True,False,False
39.0,66498.0,38845.0,7.0,1989.0,0,False,False,True,False,False
44.0,85447.0,16112.0,28.0,-866.0,1,False,False,False,True,False
52.0,42032.0,31520.0,28.0,1974.0,0,False,True,True,False,False
18.0,55003.0,13764.0,21.0,17357.0,0,False,True,True,False,False
52.0,66114.0,41828.0,27.0,18462.0,1,False,True,True,False,False
54.0,3472.0,32647.0,25.0,15216.0,0,False,True,True,False,False
64.0,80216.0,31234.0,29.0,11058.0,1,False,True,False,True,False
31.0,12781.0,39885.0,8.0,35.0,0,False,False,True,False,False
20.0,69938.0,25867.0,6.0,4160.0,0,False,True,True,False,False
18.0,63736.0,43710.0,25.0,1147.0,0,False,True,False,False,True
22.0,3208.0,15773.0,20.0,14582.0,0,False,False,False,True,False
43.0,4218.0,51178.0,23.0,1493.0,0,False,True,False,False,False
72.0,78649.0,21736.0,14.0,4286.0,1,False,False,False,False,False
31.0,74294.0,4557.0,1.0,8532.0,0,False,False,False,False,True
56.0,32382.0,25071.0,22.0,-3358.0,0,True,False,False,False,True
44.0,32362.0,23370.0,19.0,10374.0,1,True,False,False,True,False
26.0,60252.0,24958.0,24.0,9142.0,1,True,False,False,False,False
32.0,49745.0,33474.0,11.0,19473.0,0,True,False,True,False,False
32.0,71087.0,46467.0,0.0,3441.0,0,False,True,False,False,True
43.0,59591.0,27124.0,22.0,-393.0,1,True,False,False,False,False
59.0,81660.0,19625.0,21.0,7007.0,1,False,False,False,True,False
77.0,69401.0,13101.0,7.0,1215.0,0,False,True,True,False,False
30.0,64415.0,22977.0,4.0,10313.0,1,True,False,False,True,False
68.0,42957.0,1682.0,14.0,-4879.0,0,False,False,False,False,True
49.0,41493.0,19123.0,0.0,5157.0,1,False,True,False,False,False
56.0,48964.0,48660.0,0.0,2573.0,1,False,True,False,False,False
66.0,86818.0,17649.0,24.0,14542.0,1,True,False,False,False,False
69.0,41874.0,39430.0,9.0,3515.0,1,False,True,False,False,False
78.0,55210.0,11602.0,21.0,-3888.0,0,False,False,True,False,False
49.0,5103.0,56566.0,9.0,8385.0,0,False,True,True,False,False
21.0,63516.0,57564.0,20.0,12559.0,0,False,False,False,True,False
47.0,95143.0,38865.0,14.0,7830.0,0,False,True,True,False,False
54.0,31327.0,59868.0,16.0,5109.0,0,True,False,False,False,True
40.0,113488.0,35336.0,21.0,4627.0,0,False,False,False,False,True
56.0,53644.0,41527.0,5.0,10903.0,1,False,True,False,False,False
62.0,-1458.0,48929.0,2.0,2884.0,0,False,True,False,False,True
32.0,42289.0,32695.0,12.0,7372.0,1,False,True,False,True,False
60.0,76608.0,6714.0,15.0,16003.0,1,False,False,True,False,False
46.0,89986.0,41834.0,7.0,-410.0,0,False,False,True,False,False
53.0,64361.0,22922.0,29.0,9650.0,0,False,False,True,False,False
30.0,81351.0,24037.0,14.0,-4311.0,0,True,False,False,False,True
49.0,26444.0,34468.0,16.0,11823.0,0,True,False,True,False,False
24.0,36394.0,38494.0,16.0,2169.0,0,False,False,False,False,False
76.0,16410.0,32252.0,21.0,18156.0,0,False,True,False,False,False
68.0,37898.0,39535.0,25.0,-1815.0,0,True,False,False,False,False
39.0,65238.0,19397.0,12.0,13536.0,1,False,False,False,False,True
45.0,54253.0,29359.0,16.0,19769.0,0,False,True,True,False,False
19.0,67356.0,42736.0,5.0,1754.0,0,True,False,False,False,True
59.0,31269.0,56591.0,16.0,3104.0,0,False,True,True,False,False
62.0,32489.0,61896.0,15.0,2446.0,0,False,True,False,True,False
79.0,54092.0,36494.0,13.0,6113.0,1,False,True,False,True,False
74.0,37947.0,42600.0,12.0,14139.0,0,False,True,False,False,True
70.0,76036.0,59723.0,5.0,5459.0,1,True,False,False,False,False
23.0,37451.0,19937.0,2.0,1032.0,0,True,False,False,False,True
45.0,40092.0,39445.0,13.0,-6150.0,1,True,False,False,False,False
45.0,58376.0,41525.0,13.0,22815.0,0,False,False,True,False,False
61.0,42214.0,51717.0,14.0,23443.0,0,True,False,False,False,False
61.0,25301.0,12942.0,7.0,14481.0,0,False,True,False,False,False
37.0,28012.0,15908.0,28.0,3516.0,0,True,False,True,False,False
47.0,60755.0,30320.0,14.0,15981.0,1,False,True,False,True,False
79.0,22825.0,35665.0,21.0,17589.0,0,False,False,True,False,False
28.0,77943.0,46842.0,28.0,7966.0,0,False,True,False,False,True
75.0,36192.0,37763.0,26.0,10330.0,0,False,True,False,False,True
72.0,62324.0,27728.0,12.0,19854.0,0,False,True,False,False,True
45.0,37391.0,36246.0,16.0,-3123.0,0,False,False,False,False,True
42.0,31695.0,34515.0,20.0,17987.0,0,True,False,False,False,True
56.0,54922.0,56175.0,23.0,7526.0,0,True,False,False,True,False
79.0,71035.0,32484.0,2.0,1099.0,1,False,False,False,True,False
50.0,45052.0,24253.0,27.0,1757.0,1,False,True,False,False,False
18.0,48690.0,36744.0,5.0,3082.0,0,True,False,False,False,True
74.0,66148.0,32977.0,4.0,319.0,0,False,False,True,False,False
44.0,66810.0,6435.0,21.0,24171.0,1,True,False,False,False,True
79.0,49230.0,29765.0,25.0,13929.0,1,False,False,False,True,False
74.0,41130.0,28488.0,16.0,18515.0,0,False,True,False,False,True
69.0,51653.0,21841.0,22.0,14498.0,1,True,False,False,True,False
30.0,46181.0,45533.0,24.0,10489.0,1,False,False,False,False,False
58.0,56259.0,18214.0,1.0,10598.0,1,True,False,False,False,False
20.0,26114.0,36834.0,25.0,6819.0,0,True,False,False,False,False
56.0,55543.0,27782.0,14.0,7473.0,1,True,False,False,True,False
23.0,35633.0,31615.0,4.0,-1264.0,0,True,False,False,False,True
25.0,68117.0,36176.0,25.0,18654.0,0,False,False,False,False,True
44.0,36550.0,10386.0,19.0,-4505.0,0,False,True,True,False,False
26.0,36897.0,32874.0,5.0,1531.0,1,False,False,False,True,False
79.0,58907.0,64334.0,5.0,26096.0,0,False,False,True,False,False
54.0,50284.0,6648.0,26.0,11089.0,1,False,False,False,False,False
50.0,95533.0,29135.0,17.0,11421.0,0,False,True,False,False,True
68.0,17413.0,46848.0,17.0,15098.0,0,True,False,False,True,False
59.0,52197.0,34524.0,3.0,-2322.0,0,True,False,True,False,False
61.0,72592.0,40319.0,16.0,-1150.0,0,True,False,True,False,False
41.0,38433.0,-5634.0,24.0,6440.0,0,False,True,True,False,False
32.0,31788.0,38973.0,13.0,2773.0,0,True,False,False,False,True
76.0,32582.0,18574.0,13.0,9400.0,0,False,True,False,False,True
71.0,17760.0,34648.0,12.0,13884.0,0,True,False,False,False,True
49.0,76994.0,29558.0,6.0,21113.0,1,True,False,False,True,False
49.0,43407.0,64174.0,11.0,16488.0,0,False,False,False,False,True
41.0,41039.0,38200.0,22.0,2045.0,1,False,True,False,True,False
58.0,7518.0,28310.0,14.0,7000.0,0,False,False,True,False,False
69.0,21325.0,7354.0,18.0,4824.0,0,False,False,True,False,False
66.0,79307.0,31817.0,10.0,1867.0,0,False,False,False,False,False
79.0,56062.0,42348.0,14.0,46.0,0,False,True,False,False,True
66.0,73330.0,28791.0,11.0,23314.0,0,False,True,True,False,False
75.0,70799.0,22415.0,2.0,10085.0,0,True,False,False,False,True
69.0,29987.0,21411.0,16.0,8206.0,0,False,False,False,True,False
29.0,98596.0,38027.0,2.0,13874.0,0,True,False,True,False,False
79.0,88994.0,41390.0,18.0,14269.0,0,False,False,False,False,True
56.0,38724.0,50418.0,19.0,18950.0,0,False,True,True,False,False
19.0,-21364.0,15075.0,3.0,4050.0,0,False,True,True,False,False
20.0,42869.0,37889.0,2.0,13221.0,0,False,True,False,False,True
66.0,54765.0,28174.0,25.0,2710.0,0,False,False,True,False,False
54.0,38645.0,28616.0,15.0,8478.0,0,False,True,True,False,False
66.0,45569.0,36027.0,11.0,10453.0,0,False,False,True,False,False
73.0,33426.0,36114.0,7.0,11235.0,0,True,False,True,False,False
34.0,68432.0,37931.0,23.0,10882.0,1,False,False,False,True,False
76.0,51272.0,14137.0,28.0,16414.0,0,True,False,True,False,False
66.0,69030.0,18752.0,28.0,5224.0,1,False,False,False,False,False
19.0,74444.0,52288.0,16.0,11453.0,0,True,False,True,False,False
19.0,6513.0,26691.0,6.0,3928.0,0,False,True,False,False,True
45.0,34589.0,34590.0,10.0,33366.0,0,True,False,False,False,False
71.0,37519.0,45819.0,17.0,2697.0,0,False,True,False,True,False
40.0,101427.0,36951.0,0.0,4394.0,1,False,True,False,False,False
54.0,52980.0,38197.0,2.0,17061.0,1,True,False,False,False,False
49.0,66251.0,43418.0,3.0,6564.0,1,False,False,False,False,False
50.0,12386.0,-1749.0,12.0,17064.0,0,False,False,False,False,True
18.0,52864.0,22650.0,5.0,11224.0,0,False,False,False,False,True
36.0,69565.0,37029.0,25.0,6774.0,0,False,False,False,False,True
79.0,67239.0,50814.0,13.0,3977.0,1,False,False,False,True,False
19.0,62467.0,30991.0,4.0,3689.0,0,False,True,False,False,True
70.0,50260.0,17329.0,15.0,6861.0,1,False,False,False,False,True
61.0,51231.0,17728.0,14.0,8604.0,1,False,True,False,False,False
43.0,16134.0,43257.0,14.0,3344.0,0,False,True,False,False,True
49.0,31989.0,26733.0,29.0,9126.0,0,False,True,True,False,False
23.0,54618.0,29891.0,3.0,1247.0,0,True,False,False,False,True
49.0,35680.0,39225.0,7.0,16047.0,0,True,False,False,True,False
72.0,63776.0,-13522.0,26.0,17578.0,1,False,True,False,True,False
21.0,59335.0,60005.0,15.0,4365.0,0,True,False,True,False,False
72.0,77347.0,19033.0,27.0,3918.0,1,False,False,False,True,False
28.0,69165.0,33629.0,15.0,11423.0,1,False,False,False,True,False
73.0,54545.0,4429.0,29.0,20122.0,1,False,True,False,False,False
76.0,64959.0,23661.0,3.0,21893.0,0,False,False,True,False,False
34.0,70102.0,48670.0,12.0,-1221.0,1,False,True,False,False,False
55.0,39851.0,1257.0,25.0,18050.0,1,False,True,False,False,False
41.0,43413.0,46893.0,27.0,9507.0,0,False,False,False,False,True
22.0,48063.0,25894.0,12.0,9662.0,0,True,False,True,False,False
69.0,40489.0,37307.0,1.0,14037.0,0,False,False,False,False,True
51.0,70313.0,39862.0,2.0,6152.0,0,False,False,False,False,True
23.0,37453.0,36621.0,21.0,18773.0,0,False,True,False,False,False
39.0,75033.0,17025.0,7.0,21391.0,0,False,True,False,True,False
28.0,42660.0,24531.0,23.0,21690.0,0,False,True,True,False,False
65.0,59447.0,8076.0,14.0,-4751.0,1,False,True,False,True,False
33.0,53328.0,37376.0,10.0,8162.0,0,True,False,False,False,False
50.0,30480.0,55530.0,8.0,-5481.0,0,True,False,False,False,False
26.0,49602.0,2633.0,6.0,3877.0,1,True,False,False,False,False
77.0,56672.0,18575.0,12.0,-9179.0,1,False,True,False,False,False
76.0,48714.0,27273.0,1.0,13602.0,1,False,True,False,False,False
23.0,23145.0,32600.0,7.0,11754.0,0,False,True,False,False,False
33.0,84028.0,43187.0,6.0,6539.0,1,True,False,False,True,False
46.0,51753.0,27717.0,23.0,3670.0,0,False,True,False,False,True
20.0,34113.0,25260.0,11.0,12512.0,0,False,False,False,True,False
37.0,82415.0,46546.0,18.0,1908.0,0,False,False,True,False,False
77.0,62347.0,39929.0,6.0,1364.0,0,False,True,False,True,False
76.0,25996.0,38084.0,9.0,380.0,0,False,False,False,False,False
53.0,29110.0,31687.0,28.0,8369.0,0,False,False,False,True,False
36.0,45552.0,44747.0,24.0,5341.0,0,True,False,False,False,True
43.0,55946.0,20155.0,15.0,6926.0,0,False,True,True,False,False
20.0,62455.0,18109.0,2.0,14174.0,0,False,True,False,True,False
36.0,69003.0,41191.0,29.0,17706.0,0,True,False,False,False,True
37.0,60791.0,5624.0,9.0,21603.0,1,False,False,False,True,False
49.0,76934.0,31382.0,5.0,10481.0,0,False,False,True,False,False
24.0,52535.0,25251.0,17.0,12780.0,0,False,True,False,True,False
69.0,34807.0,8913.0,17.0,11510.0,1,False,False,False,False,False
58.0,49932.0,16030.0,4.0,-3393.0,1,True,False,False,True,False
50.0,48620.0,28365.0,20.0,7042.0,0,True,False,False,False,True
57.0,-1564.0,45509.0,28.0,7079.0,0,False,True,False,True,False
56.0,38772.0,20205.0,6.0,5913.0,1,True,False,False,False,True
35.0,56284.0,48200.0,27.0,9672.0,0,True,False,True,False,False
57.0,41515.0,30947.0,1.0,8244.0,1,False,True,False,True,False
18.0,37075.0,49655.0,10.0,2109.0,0,True,False,True,False,False
28.0,68227.0,20932.0,29.0,8791.0,1,True,False,True,False,False
45.0,31669.0,29267.0,12.0,4887.0,1,True,False,False,True,False
74.0,64232.0,35527.0,22.0,-10953.0,0,False,False,False,False,True
42.0,23345.0,27307.0,4.0,-1176.0,1,False,True,True,False,False
67.0,105215.0,44295.0,29.0,10711.0,1,False,True,True,False,False
40.0,45686.0,-3113.0,5.0,18735.0,0,False,True,False,True,False
48.0,43534.0,66336.0,23.0,-9417.0,0,False,False,False,True,False
47.0,72861.0,42866.0,25.0,3036.0,1,False,False,False,True,False
59.0,41625.0,27397.0,28.0,13451.0,1,False,True,False,True,False
52.0,79098.0,21715.0,13.0,17025.0,1,False,False,False,True,False
24.0,57431.0,17003.0,11.0,6639.0,0,False,True,False,False,False
77.0,47632.0,39684.0,3.0,4537.0,0,False,False,False,True,False
33.0,45499.0,44924.0,28.0,19757.0,0,True,False,False,False,True
43.0,74151.0,27562.0,22.0,16368.0,0,True,False,True,False,False
65.0,54609.0,46604.0,5.0,16868.0,0,False,True,False,False,True
74.0,58646.0,16391.0,9.0,6255.0,0,False,False,False,False,True
69.0,60820.0,13742.0,17.0,18909.0,1,False,False,False,False,False
77.0,52658.0,57200.0,14.0,-5560.0,0,True,False,False,True,False
66.0,60397.0,38866.0,7.0,19049.0,1,True,False,True,False,False
19.0,47633.0,50952.0,25.0,9467.0,0,False,False,False,False,True
18.0,49003.0,17190.0,8.0,11031.0,0,False,False,False,True,False
65.0,27617.0,16147.0,4.0,2437.0,0,False,False,False,True,False
79.0,55955.0,24620.0,9.0,-4512.0,1,False,False,False,False,False
29.0,15609.0,17639.0,19.0,10861.0,0,False,False,False,False,False
22.0,55671.0,40580.0,5.0,14411.0,0,False,False,False,False,False
54.0,44387.0,18733.0,15.0,15621.0,0,False,True,True,False,False
49.0,57491.0,12424.0,23.0,14758.0,1,False,False,False,False,True
76.0,29023.0,32130.0,26.0,12945.0,0,True,False,False,False,False
72.0,7612.0,10650.0,2.0,2609.0,0,False,True,False,False,False
26.0,42982.0,3008.0,9.0,16139.0,1,False,False,False,False,False
58.0,29081.0,31998.0,10.0,1715.0,0,True,False,False,False,True
52.0,14388.0,3761.0,10.0,18856.0,0,False,True,False,False,True
36.0,65359.0,41629.0,16.0,9328.0,1,True,False,False,False,False
65.0,82024.0,9069.0,3.0,9594.0,1,False,False,False,False,False
33.0,34060.0,-3610.0,3.0,16927.0,1,False,False,False,True,False
20.0,48484.0,25593.0,16.0,18011.0,0,False,False,False,False,False
37.0,43844.0,32168.0,8.0,16165.0,0,False,False,True,False,False
41.0,36822.0,37372.0,18.0,3436.0,0,False,True,True,False,False
71.0,63274.0,32580.0,4.0,16101.0,1,False,True,False,False,False
73.0,70202.0,14110.0,21.0,3481.0,0,True,False,False,False,True
50.0,32627.0,40695.0,23.0,16303.0,0,False,False,False,True,False
41.0,50895.0,44402.0,5.0,-1401.0,0,True,False,False,False,True
69.0,75690.0,11913.0,2.0,9250.0,1,False,True,False,False,False
28.0,63780.0,27284.0,21.0,3432.0,1,False,False,True,False,False
66.0,66753.0,25883.0,0.0,16959.0,1,False,False,False,True,False
25.0,77359.0,33305.0,19.0,18921.0,0,False,True,False,False,True
53.0,77096.0,26926.0,21.0,11591.0,0,False,True,False,False,True
55.0,70572.0,28981.0,15.0,11328.0,1,False,True,False,False,False
57.0,52898.0,39627.0,22.0,15633.0,1,False,True,False,True,False
37.0,42350.0,13292.0,10.0,18968.0,0,False,True,True,False,False
79.0,52069.0,41060.0,12.0,10298.0,1,False,False,False,False,False
52.0,39311.0,47116.0,26.0,6002.0,0,False,True,False,True,False
65.0,10950.0,54512.0,9.0,15178.0,0,False,False,False,False,True
79.0,44410.0,-2150.0,2.0,-4869.0,1,False,False,False,False,False
42.0,57150.0,27256.0,8.0,17277.0,0,False,True,False,False,True
52.0,38254.0,523.0,27.0,4318.0,0,False,True,False,False,True
42.0,46144.0,-6525.0,11.0,8078.0,1,False,False,False,False,False
46.0,46919.0,32161.0,22.0,17328.0,1,False,True,False,False,False
35.0,77137.0,24012.0,13.0,6675.0,1,False,True,False,False,False
63.0,42811.0,34497.0,0.0,15179.0,1,False,True,False,False,False
35.0,77132.0,37291.0,17.0,19111.0,1,True,False,False,False,False
19.0,-4249.0,48718.0,16.0,10880.0,0,False,False,False,False,True
71.0,76957.0,30808.0,26.0,12491.0,0,True,False,True,False,False
52.0,75948.0,73850.0,8.0,9044.0,0,False,True,True,False,False
33.0,68045.0,34596.0,8.0,10924.0,1,True,False,False,False,False
78.0,9761.0,57637.0,22.0,1068.0,0,False,True,False,False,True
58.0,70377.0,-4992.0,9.0,7650.0,0,True,False,True,False,False
53.0,48997.0,50246.0,18.0,-305.0,0,False,True,True,False,False
50.0,-586.0,27288.0,28.0,2809.0,0,True,False,True,False,False
21.0,75963.0,774.0,14.0,-6023.0,0,True,False,False,False,True
50.0,78883.0,36308.0,4.0,12111.0,0,True,False,False,False,False
31.0,11909.0,25455.0,14.0,23532.0,1,False,False,False,False,False
38.0,53508.0,38700.0,19.0,6351.0,1,True,False,False,False,False
65.0,77771.0,45166.0,22.0,17721.0,1,False,False,False,True,False
37.0,74603.0,7662.0,29.0,19005.0,1,False,True,False,True,False
73.0,66721.0,45223.0,24.0,406.0,1,True,False,False,True,False
25.0,-2945.0,30097.0,27.0,2129.0,0,False,True,False,False,True
24.0,64590.0,50292.0,1.0,17926.0,0,False,True,True,False,False
20.0,45637.0,26922.0,12.0,9261.0,1,True,False,True,False,False
34.0,69917.0,22943.0,23.0,-326.0,0,False,False,False,False,True
50.0,55123.0,30405.0,15.0,4905.0,0,True,False,False,False,True
65.0,49602.0,31527.0,14.0,13357.0,1,False,True,False,False,False
29.0,62818.0,20058.0,24.0,3648.0,1,False,True,False,False,False
76.0,46561.0,22555.0,9.0,-12196.0,1,True,False,False,True,False
68.0,49514.0,11596.0,13.0,7423.0,0,False,False,False,True,False
39.0,38895.0,23480.0,9.0,8072.0,0,False,False,False,False,True
72.0,17891.0,40144.0,24.0,10073.0,0,False,True,False,True,False
39.0,61357.0,27939.0,13.0,20071.0,1,False,True,True,False,False
63.0,33879.0,45135.0,25.0,10428.0,1,False,False,False,False,True
47.0,45984.0,27218.0,29.0,11943.0,0,True,False,False,False,True
55.0,55739.0,8527.0,22.0,18444.0,0,False,True,True,False,False
55.0,8295.0,38959.0,8.0,10082.0,0,False,False,False,False,False
62.0,12773.0,19895.0,24.0,27092.0,0,False,True,False,False,False
68.0,44005.0,26499.0,13.0,-109.0,0,True,False,True,False,False
71.0,59091.0,48563.0,2.0,2526.0,0,False,False,True,False,False
25.0,64880.0,12586.0,19.0,14911.0,1,False,True,False,True,False
44.0,18173.0,32471.0,15.0,20034.0,1,True,False,False,False,True
44.0,62732.0,29392.0,1.0,8393.0,1,False,True,False,True,False
51.0,45098.0,40513.0,9.0,1915.0,0,True,False,True,False,False
38.0,32336.0,42827.0,2.0,24087.0,0,True,False,False,True,False
47.0,37028.0,33957.0,10.0,3661.0,0,False,False,True,False,False
50.0,66037.0,24594.0,10.0,12712.0,1,True,False,False,True,False
45.0,55480.0,37100.0,20.0,20513.0,1,False,True,False,True,False
64.0,51006.0,50034.0,20.0,6467.0,1,True,False,False,False,False
50.0,54869.0,29590.0,21.0,5022.0,0,True,False,True,False,False
22.0,68561.0,25991.0,12.0,5570.0,0,False,False,False,True,False
77.0,48058.0,35822.0,6.0,17212.0,0,True,False,False,False,True
78.0,51086.0,30580.0,22.0,18481.0,1,True,False,False,True,False
65.0,72763.0,9934.0,16.0,10269.0,1,False,True,False,True,False
36.0,43368.0,33589.0,29.0,25064.0,0,False,False,False,False,True
21.0,62362.0,9798.0,1.0,10255.0,0,False,False,True,False,False
52.0,39925.0,35617.0,11.0,20338.0,1,False,False,False,False,False
66.0,41682.0,18042.0,24.0,6543.0,1,True,False,False,False,False
34.0,47919.0,30553.0,9.0,28670.0,1,False,False,False,False,False
61.0,60305.0,35858.0,17.0,22561.0,0,True,False,False,False,True
45.0,73883.0,66808.0,21.0,8976.0,1,True,False,False,True,False
47.0,51930.0,41141.0,26.0,21476.0,0,False,True,True,False,False
46.0,20003.0,50471.0,10.0,21071.0,1,False,True,False,True,False
63.0,62628.0,58076.0,15.0,22424.0,1,False,True,False,False,False
70.0,99076.0,37338.0,16.0,-9855.0,1,False,True,False,True,False
23.0,52173.0,34285.0,18.0,15754.0,0,False,True,False,False,True
52.0,15824.0,13999.0,17.0,14338.0,0,True,False,False,False,True
77.0,53393.0,28250.0,2.0,13768.0,0,True,False,True,False,False
58.0,49939.0,19153.0,20.0,11746.0,0,False,False,True,False,False
54.0,48257.0,23984.0,26.0,11982.0,1,True,False,False,False,False
41.0,68908.0,58059.0,25.0,20265.0,1,True,False,True,False,False
46.0,77565.0,31719.0,15.0,14315.0,1,False,True,False,True,False
66.0,63671.0,16861.0,5.0,11735.0,0,True,False,False,False,True
63.0,47338.0,50618.0,24.0,19115.0,0,False,True,False,False,True
70.0,72513.0,44329.0,11.0,13344.0,0,False,False,False,False,True
48.0,20123.0,45114.0,10.0,14108.0,0,False,False,True,False,False
52.0,35678.0,-91.0,14.0,24936.0,0,True,False,False,False,True
77.0,37907.0,59230.0,14.0,6524.0,0,False,False,False,False,True
50.0,49380.0,21622.0,15.0,-2125.0,0,True,False,False,False,True
69.0,60134.0,41669.0,9.0,10578.0,0,False,False,False,False,False
78.0,45985.0,67856.0,11.0,11716.0,0,False,True,False,False,False
38.0,31879.0,62329.0,27.0,15772.0,0,False,True,True,False,False
49.0,69497.0,15336.0,12.0,10858.0,0,False,True,False,False,True
40.0,45290.0,8332.0,3.0,16040.0,0,False,True,True,False,False
50.0,52042.0,51455.0,6.0,30036.0,0,True,False,False,False,True
20.0,61021.0,32130.0,21.0,16412.0,0,False,False,False,False,True
35.0,50777.0,22486.0,1.0,17818.0,0,True,False,False,False,True
42.0,50865.0,39318.0,25.0,8963.0,0,False,True,True,False,False
59.0,70609.0,27556.0,26.0,-1082.0,0,True,False,True,False,False
48.0,53027.0,40519.0,26.0,-8384.0,0,False,False,False,False,True
71.0,67255.0,31004.0,26.0,5850.0,0,True,False,False,True,False
75.0,60893.0,40835.0,14.0,-10642.0,0,False,False,True,False,False
20.0,90337.0,16582.0,7.0,14108.0,1,True,False,False,False,False
57.0,58188.0,51366.0,6.0,6937.0,0,False,False,True,False,False
63.0,62759.0,40464.0,14.0,-506.0,0,False,False,False,False,True
41.0,72033.0,39694.0,22.0,11046.0,1,False,True,False,True,False
67.0,51272.0,13234.0,13.0,4090.0,0,False,False,False,False,True
49.0,37242.0,55494.0,7.0,13606.0,1,False,True,False,False,False
64.0,40517.0,29794.0,27.0,15661.0,0,False,True,True,False,False
39.0,40709.0,40920.0,11.0,4385.0,0,False,True,True,False,False
40.0,30993.0,25157.0,12.0,8101.0,0,True,False,False,False,True
19.0,56356.0,33913.0,29.0,11719.0,0,True,False,False,False,True
44.0,37409.0,34456.0,10.0,-1256.0,1,True,False,False,False,False
59.0,53897.0,-12298.0,16.0,11718.0,0,True,False,False,True,False
19.0,46826.0,38736.0,28.0,-1448.0,0,False,False,False,False,False
43.0,49167.0,59480.0,16.0,14525.0,0,False,False,False,True,False
34.0,61121.0,38096.0,23.0,6518.0,0,True,False,True,False,False
57.0,39162.0,15634.0,3.0,-1492.0,1,False,False,False,True,False
50.0,62777.0,39749.0,20.0,5360.0,1,False,False,False,True,False
26.0,81346.0,45892.0,7.0,5698.0,0,False,True,True,False,False
60.0,56862.0,37686.0,4.0,18548.0,0,False,True,True,False,False
71.0,34358.0,28888.0,25.0,11386.0,0,False,True,True,False,False
65.0,37699.0,26367.0,15.0,2349.0,1,False,True,False,False,False
56.0,45034.0,26305.0,3.0,23192.0,1,False,False,True,False,False
46.0,38102.0,40466.0,27.0,15011.0,0,True,False,False,False,True
59.0,30176.0,8893.0,21.0,7309.0,0,False,False,True,False,False
72.0,53088.0,24421.0,28.0,-2430.0,0,False,False,True,False,False
43.0,45576.0,53934.0,14.0,6603.0,0,False,False,True,False,False
52.0,53794.0,54512.0,11.0,8235.0,1,False,True,False,True,False
67.0,73727.0,7827.0,4.0,12952.0,1,False,True,False,False,False
42.0,45272.0,13028.0,29.0,14858.0,0,False,True,True,False,False
41.0,26291.0,25940.0,22.0,16452.0,0,True,False,False,False,False
30.0,42022.0,43388.0,15.0,-2891.0,0,False,False,False,False,True
77.0,65408.0,2587.0,13.0,11668.0,0,True,False,False,False,True
75.0,63535.0,29177.0,9.0,8723.0,0,False,True,True,False,False
24.0,60372.0,22887.0,6.0,31423.0,0,True,False,False,False,True
74.0,37505.0,49889.0,12.0,10517.0,0,False,False,False,False,False
53.0,65038.0,4846.0,19.0,5018.0,1,False,False,False,True,False
62.0,69537.0,31388.0,27.0,10882.0,0,False,True,True,False,False
37.0,36091.0,24095.0,28.0,9931.0,0,False,True,False,False,True
18.0,49168.0,52046.0,4.0,-5912.0,0,True,False,False,False,False
25.0,90408.0,38964.0,28.0,13266.0,1,False,True,False,False,False
63.0,35202.0,21212.0,2.0,7515.0,0,False,True,False,False,True
33.0,15898.0,42800.0,14.0,9786.0,0,False,False,False,False,False
31.0,77658.0,24167.0,3.0,3011.0,1,False,True,False,False,False
29.0,72732.0,44989.0,14.0,1248.0,0,False,True,True,False,False
68.0,40860.0,26443.0,13.0,17031.0,1,False,False,False,False,False
40.0,47740.0,45819.0,19.0,18867.0,0,False,False,False,False,True
32.0,25501.0,36541.0,18.0,13344.0,1,True,False,True,False,False
45.0,51779.0,78907.0,12.0,-4486.0,0,False,True,False,False,True
51.0,73318.0,29206.0,9.0,13864.0,1,False,False,False,True,False
19.0,39147.0,35742.0,20.0,-4367.0,0,True,False,False,False,True
49.0,67542.0,22808.0,4.0,4710.0,0,True,False,False,False,True
40.0,59274.0,30040.0,26.0,16924.0,1,False,True,True,False,False
39.0,61556.0,-10527.0,22.0,15260.0,1,False,True,False,False,False
68.0,40313.0,36983.0,19.0,13655.0,0,True,False,False,False,True
42.0,42907.0,50143.0,28.0,20503.0,0,False,False,True,False,False
75.0,13064.0,35949.0,19.0,14480.0,0,True,False,False,True,False
79.0,38666.0,10292.0,24.0,-6152.0,0,False,True,True,False,False
78.0,73269.0,17973.0,5.0,7043.0,0,False,False,True,False,False
39.0,31413.0,-6452.0,3.0,9667.0,1,False,False,False,False,False
75.0,34393.0,44683.0,1.0,8730.0,0,True,False,False,False,True
75.0,62803.0,14902.0,21.0,5062.0,1,False,True,False,True,False
39.0,58055.0,29569.0,15.0,1758.0,0,True,False,True,False,False
66.0,63797.0,27693.0,17.0,29205.0,0,True,False,False,False,True
69.0,26735.0,52315.0,4.0,6890.0,0,True,False,False,False,True
59.0,101281.0,31279.0,21.0,28812.0,0,False,False,True,False,False
23.0,25684.0,42133.0,3.0,869.0,0,False,False,False,False,True
32.0,53084.0,38196.0,29.0,15256.0,0,False,True,True,False,False
71.0,46826.0,50391.0,12.0,11837.0,0,False,True,True,False,False
60.0,26267.0,26413.0,18.0,2624.0,0,True,False,True,False,False
77.0,42595.0,58044.0,22.0,6259.0,1,True,False,False,True,False
54.0,50466.0,215.0,1.0,9878.0,0,True,False,True,False,False
50.0,37000.0,42862.0,12.0,3247.0,0,False,True,False,False,False
25.0,68744.0,17000.0,10.0,7950.0,0,False,False,False,False,True
70.0,46767.0,22608.0,29.0,-8919.0,1,False,False,False,True,False
77.0,23174.0,38541.0,21.0,15692.0,0,True,False,False,False,True
61.0,21477.0,38421.0,28.0,19817.0,0,True,False,False,True,False
61.0,62123.0,39096.0,3.0,13634.0,1,True,False,False,False,False
22.0,20264.0,9207.0,21.0,28114.0,1,True,False,False,True,False
56.0,56328.0,51735.0,19.0,15456.0,1,False,True,False,True,False
21.0,58893.0,16490.0,19.0,19142.0,0,False,False,False,True,False
23.0,30092.0,18490.0,14.0,19906.0,0,True,False,False,False,True
62.0,67814.0,39568.0,3.0,-12008.0,0,False,True,True,False,False
49.0,15644.0,25699.0,8.0,13389.0,0,True,False,False,False,True
69.0,55929.0,34623.0,6.0,-1063.0,0,True,False,True,False,False
47.0,49182.0,-2349.0,18.0,552.0,0,False,False,False,False,True
64.0,47620.0,34264.0,18.0,1944.0,1,True,False,False,False,False
52.0,26442.0,33267.0,5.0,7498.0,0,False,False,False,False,False
72.0,31259.0,22352.0,5.0,15203.0,1,False,False,False,True,False
57.0,82376.0,-1111.0,19.0,13471.0,0,False,False,False,False,False
69.0,74303.0,26807.0,14.0,9899.0,1,False,True,False,True,False
33.0,64841.0,29439.0,14.0,15781.0,0,False,True,True,False,False
30.0,68796.0,24491.0,24.0,16267.0,1,False,False,False,False,False
67.0,66920.0,2457.0,19.0,13540.0,0,True,False,True,False,False
77.0,43532.0,53921.0,8.0,-3796.0,0,False,False,False,False,True
59.0,50952.0,20417.0,3.0,4085.0,0,True,False,True,False,False
47.0,20549.0,26666.0,17.0,10210.0,0,False,False,False,False,True
36.0,48206.0,-6142.0,17.0,15867.0,0,True,False,True,False,False
34.0,73668.0,53922.0,4.0,-628.0,0,False,True,True,False,False
73.0,36785.0,23001.0,19.0,9909.0,1,True,False,False,False,False
36.0,70462.0,31476.0,22.0,-2524.0,0,False,False,True,False,False
45.0,51831.0,46811.0,29.0,18207.0,1,False,True,False,False,False
75.0,22292.0,19855.0,10.0,11938.0,0,True,False,False,False,False
72.0,27853.0,44448.0,4.0,-769.0,0,True,False,False,True,False
43.0,68386.0,-919.0,21.0,-821.0,1,True,False,False,True,False
54.0,61050.0,38264.0,25.0,13099.0,0,True,False,False,False,True
43.0,52035.0,53583.0,3.0,20998.0,0,True,False,True,False,False
70.0,44519.0,21293.0,28.0,1225.0,0,False,True,False,False,True
79.0,54211.0,46783.0,11.0,16292.0,0,False,True,True,False,False
40.0,67605.0,57508.0,1.0,5662.0,1,False,True,False,True,False
26.0,79517.0,26177.0,12.0,16585.0,1,False,True,False,True,False
29.0,80473.0,24937.0,9.0,15465.0,0,False,False,True,False,False
70.0,57439.0,16525.0,8.0,11242.0,0,False,True,True,False,False
18.0,46561.0,22354.0,9.0,-4675.0,0,True,False,False,True,False
75.0,52924.0,17769.0,6.0,15449.0,1,True,False,False,True,False
75.0,60442.0,16513.0,3.0,14016.0,0,False,True,False,False,True
18.0,60361.0,47982.0,18.0,13283.0,0,True,False,False,True,False
64.0,76159.0,18151.0,9.0,11565.0,0,False,True,True,False,False
51.0,92315.0,33877.0,29.0,2969.0,0,True,False,False,False,True
49.0,45894.0,30573.0,2.0,18663.0,0,False,False,True,False,False
79.0,93117.0,52471.0,24.0,17185.0,1,False,False,False,False,False
71.0,73444.0,22452.0,20.0,1396.0,0,False,True,False,False,True
65.0,47983.0,35717.0,28.0,20514.0,1,False,True,True,False,False
42.0,79971.0,41866.0,18.0,11053.0,1,False,True,False,True,False
57.0,83712.0,52346.0,20.0,11033.0,1,True,False,False,False,False
62.0,40794.0,22233.0,1.0,8589.0,0,False,True,True,False,False
70.0,84644.0,20731.0,26.0,9376.0,0,False,False,False,False,True
18.0,71501.0,14073.0,19.0,20967.0,0,True,False,True,False,False
33.0,97371.0,63544.0,9.0,18264.0,1,False,True,False,False,False
78.0,41519.0,50767.0,1.0,18094.0,0,True,False,False,False,True
56.0,42931.0,29366.0,1.0,11476.0,1,True,False,False,False,False
22.0,9466.0,58971.0,27.0,17113.0,0,False,True,True,False,False
39.0,61423.0,28472.0,23.0,3325.0,1,True,False,False,True,False
46.0,57505.0,40866.0,16.0,14667.0,1,False,False,False,True,False
72.0,38740.0,30152.0,15.0,8772.0,0,False,False,True,False,False
20.0,48362.0,35967.0,15.0,-6478.0,0,True,False,True,False,False
29.0,23775.0,34376.0,13.0,-2688.0,0,False,True,True,False,False
43.0,73968.0,23625.0,6.0,4696.0,0,True,False,False,False,True
33.0,40206.0,46387.0,20.0,13321.0,0,False,False,False,False,False
68.0,111880.0,40739.0,10.0,4703.0,1,True,False,False,False,False
54.0,46487.0,45415.0,23.0,5271.0,1,True,False,False,False,False
39.0,34807.0,34803.0,0.0,16106.0,0,False,False,True,False,False
74.0,41753.0,16401.0,10.0,5559.0,1,True,False,False,False,False
46.0,21760.0,55640.0,22.0,20646.0,0,True,False,True,False,False
31.0,59645.0,26061.0,20.0,19320.0,0,False,True,False,False,True
45.0,41602.0,35461.0,3.0,10175.0,1,False,True,False,True,False
22.0,72625.0,39530.0,6.0,16027.0,0,False,False,True,False,False
64.0,44505.0,35361.0,25.0,14937.0,0,False,False,True,False,False
66.0,77688.0,43731.0,14.0,8034.0,1,False,False,False,True,False
47.0,65149.0,46100.0,17.0,16893.0,1,False,True,False,True,False
63.0,50571.0,26627.0,11.0,18071.0,0,False,False,False,False,True
79.0,81604.0,54382.0,16.0,2380.0,1,False,False,False,False,False
69.0,69045.0,25996.0,0.0,11228.0,0,False,False,True,False,False
22.0,108924.0,35051.0,10.0,11140.0,0,False,True,False,False,False
29.0,41810.0,24184.0,27.0,16796.0,0,True,False,True,False,False
33.0,51532.0,19897.0,0.0,6449.0,0,False,False,False,False,True
43.0,81374.0,45662.0,14.0,5217.0,1,True,False,False,True,False
43.0,19129.0,76828.0,27.0,11351.0,1,False,False,False,False,True
65.0,76338.0,24573.0,20.0,19450.0,1,True,False,False,True,False
38.0,58786.0,48229.0,9.0,404.0,1,False,True,False,False,False
56.0,32235.0,25111.0,6.0,1801.0,1,False,True,False,False,False
53.0,22739.0,29842.0,1.0,5835.0,0,False,False,False,False,True
50.0,36550.0,56363.0,9.0,7259.0,0,True,False,False,True,False
79.0,4303.0,13896.0,23.0,-4124.0,0,False,True,False,False,True
47.0,40209.0,9927.0,3.0,21985.0,1,False,False,False,True,False
54.0,62451.0,28692.0,11.0,8957.0,1,False,False,False,True,False
40.0,40473.0,39954.0,18.0,7759.0,0,False,True,False,False,False
75.0,77766.0,36954.0,25.0,22981.0,1,False,True,False,False,False
27.0,83198.0,35410.0,10.0,15742.0,1,False,False,False,True,False
71.0,75512.0,30511.0,7.0,5716.0,1,True,False,False,True,False
22.0,54612.0,41798.0,17.0,11316.0,0,True,False,False,True,False
53.0,3506.0,-13705.0,10.0,9666.0,1,True,False,False,False,False
51.0,35926.0,18737.0,10.0,21586.0,1,False,False,False,False,False
69.0,47159.0,28595.0,12.0,8660.0,0,False,True,True,False,False
48.0,32122.0,40568.0,2.0,-1536.0,1,False,False,False,True,False
27.0,47209.0,52346.0,11.0,-5017.0,0,False,True,True,False,False
75.0,82201.0,16723.0,2.0,21801.0,1,True,False,False,True,False
36.0,17084.0,51856.0,9.0,3691.0,0,True,False,False,False,False
75.0,86233.0,23211.0,26.0,15361.0,0,False,True,True,False,False
49.0,67694.0,28051.0,16.0,10574.0,0,False,True,True,False,False
18.0,55364.0,38721.0,21.0,6666.0,0,False,False,False,False,True
73.0,35727.0,26951.0,1.0,7921.0,1,True,False,False,True,False
22.0,32520.0,46651.0,16.0,22667.0,0,False,False,False,False,False
62.0,17475.0,23930.0,15.0,-1584.0,0,False,False,False,False,True
21.0,84335.0,24156.0,1.0,6908.0,0,False,False,False,False,True
33.0,80752.0,45779.0,27.0,17252.0,1,True,False,False,True,False
41.0,21874.0,18553.0,21.0,-265.0,0,False,False,False,False,True
33.0,38947.0,33733.0,29.0,20538.0,1,False,False,False,True,False
72.0,58662.0,5092.0,19.0,17137.0,1,False,False,False,False,True
19.0,44009.0,57294.0,5.0,12174.0,0,False,False,False,True,False
66.0,11626.0,48098.0,27.0,5974.0,0,False,False,False,False,False
45.0,36844.0,71251.0,24.0,-1292.0,1,False,False,False,True,False
49.0,89020.0,50075.0,28.0,15656.0,1,True,False,False,True,False
44.0,38200.0,13055.0,9.0,31989.0,0,False,False,True,False,False
37.0,46730.0,40029.0,27.0,11167.0,1,False,True,False,False,False
41.0,27096.0,16229.0,9.0,-4608.0,0,False,False,False,False,False
29.0,61755.0,53670.0,7.0,13660.0,1,False,False,False,False,False
67.0,52303.0,13482.0,0.0,16882.0,0,True,False,False,False,True
52.0,35159.0,12762.0,12.0,2657.0,0,True,False,True,False,False
77.0,23906.0,5852.0,23.0,4835.0,1,False,True,False,False,False
50.0,78090.0,22674.0,8.0,4020.0,0,False,True,False,False,True
50.0,17889.0,19657.0,21.0,5749.0,0,True,False,False,False,True
78.0,60076.0,11075.0,9.0,8622.0,1,True,False,False,False,True
68.0,6922.0,59847.0,14.0,3112.0,0,False,False,True,False,False
60.0,64144.0,37948.0,4.0,113.0,0,True,False,False,False,True
54.0,69405.0,36183.0,21.0,11395.0,0,False,True,True,False,False
29.0,71895.0,53837.0,15.0,8538.0,1,False,False,False,True,False
20.0,46775.0,33843.0,12.0,6510.0,0,False,True,False,False,True
18.0,81680.0,18769.0,21.0,10665.0,0,False,False,False,False,False
50.0,96155.0,4496.0,24.0,-2161.0,0,True,False,False,False,True
57.0,43567.0,17924.0,19.0,12105.0,1,False,True,False,True,False
27.0,40979.0,52581.0,17.0,6674.0,0,False,False,False,True,False
60.0,52983.0,11169.0,10.0,11915.0,0,False,False,False,False,True
61.0,40446.0,35296.0,26.0,13197.0,1,True,False,False,True,False
46.0,37522.0,45508.0,8.0,19049.0,0,True,False,True,False,False
30.0,39265.0,34280.0,15.0,10823.0,0,True,False,True,False,False
29.0,84315.0,35984.0,1.0,18533.0,0,False,True,False,False,True
48.0,65437.0,39834.0,25.0,7424.0,1,False,False,True,False,False
63.0,40381.0,35689.0,24.0,7806.0,0,True,False,True,False,False
19.0,897.0,54136.0,1.0,9272.0,0,False,True,False,False,False
78.0,19110.0,14395.0,11.0,16192.0,0,False,True,False,False,True
68.0,60068.0,33606.0,7.0,15047.0,1,False,True,False,True,False
67.0,7568.0,2726.0,8.0,11080.0,0,True,False,False,False,True
52.0,55859.0,-1106.0,11.0,178.0,0,True,False,True,False,False
40.0,28688.0,28774.0,25.0,14904.0,0,False,False,False,False,False
34.0,51836.0,38150.0,8.0,3108.0,0,False,False,False,False,True
43.0,51277.0,54460.0,9.0,2672.0,0,True,False,False,False,True
25.0,52411.0,66296.0,24.0,892.0,1,False,True,True,False,False
46.0,42111.0,49797.0,1.0,9334.0,0,False,True,True,False,False
43.0,41454.0,40907.0,15.0,19693.0,0,False,True,False,False,True
27.0,35584.0,32399.0,19.0,2277.0,0,False,False,True,False,False
43.0,59677.0,7031.0,6.0,23428.0,0,False,True,True,False,False
79.0,66103.0,27809.0,27.0,17278.0,0,False,False,True,False,False
51.0,25620.0,49355.0,1.0,-1716.0,0,False,False,True,False,False
68.0,48967.0,43474.0,0.0,6937.0,0,False,True,True,False,False
58.0,53931.0,10704.0,18.0,1677.0,1,False,True,False,False,False
24.0,53675.0,39210.0,27.0,15319.0,0,True,False,True,False,False
21.0,53335.0,37925.0,3.0,2094.0,0,True,False,False,True,False
75.0,41959.0,35248.0,23.0,-2968.0,0,False,True,False,False,True
70.0,55580.0,29582.0,21.0,7394.0,1,False,False,False,False,False
67.0,62360.0,39983.0,26.0,19355.0,0,False,False,False,False,False
62.0,52820.0,40459.0,1.0,8459.0,0,False,False,True,False,False
28.0,60118.0,20378.0,24.0,13187.0,1,False,False,False,False,True
46.0,69807.0,36825.0,13.0,13497.0,1,False,False,False,True,False
73.0,12981.0,27159.0,1.0,-2098.0,0,True,False,True,False,False
53.0,68869.0,7691.0,28.0,2805.0,0,False,True,False,False,True
42.0,56848.0,21575.0,14.0,10051.0,0,True,False,True,False,False
38.0,27767.0,6544.0,11.0,5541.0,0,False,False,True,False,False
78.0,66049.0,44701.0,4.0,23635.0,0,False,False,True,False,False
74.0,42033.0,35338.0,27.0,173.0,0,False,False,True,False,False
53.0,44760.0,24667.0,19.0,2725.0,0,False,False,True,False,False
27.0,39846.0,51307.0,28.0,12324.0,0,False,True,True,False,False
54.0,56047.0,31019.0,6.0,4976.0,0,False,False,True,False,False
26.0,34292.0,8531.0,23.0,-13134.0,1,False,True,False,True,False
41.0,68029.0,23407.0,20.0,25477.0,1,False,False,False,False,False
52.0,47222.0,54492.0,9.0,1405.0,0,False,True,False,True,False
66.0,42715.0,19957.0,13.0,14487.0,0,True,False,True,False,False
52.0,65057.0,34128.0,13.0,-27.0,0,False,False,True,False,False
65.0,43608.0,41158.0,4.0,3095.0,1,False,True,False,True,False
53.0,68963.0,38849.0,17.0,-2983.0,1,True,False,False,True,False
35.0,69591.0,66741.0,23.0,4070.0,1,False,False,False,False,False
66.0,23303.0,12355.0,13.0,4845.0,0,False,False,False,True,False
56.0,72185.0,13853.0,1.0,8939.0,1,False,False,False,False,False
49.0,20759.0,12603.0,25.0,7019.0,0,False,True,True,False,False
41.0,73431.0,25561.0,11.0,-1532.0,0,False,True,False,False,True
40.0,90567.0,46490.0,21.0,5808.0,0,True,False,False,False,True
79.0,67496.0,14523.0,23.0,21576.0,0,False,True,False,False,True
49.0,6860.0,46700.0,5.0,20627.0,0,False,True,False,False,True
54.0,71271.0,30526.0,3.0,13645.0,0,False,False,True,False,False
29.0,94922.0,13365.0,12.0,15304.0,0,False,False,False,False,True
66.0,43939.0,3729.0,3.0,26486.0,1,False,False,False,True,False
72.0,49305.0,7086.0,21.0,14569.0,0,False,False,False,True,False
30.0,26230.0,20012.0,13.0,15153.0,0,False,False,False,False,True
40.0,56241.0,27462.0,15.0,-2516.0,0,False,False,False,True,False
42.0,75383.0,50190.0,28.0,1098.0,1,False,False,False,False,False
52.0,63954.0,41986.0,3.0,9738.0,0,True,False,True,False,False
58.0,112839.0,17415.0,23.0,3540.0,0,True,False,False,False,True
47.0,50660.0,36129.0,24.0,2016.0,0,True,False,False,False,True
34.0,17386.0,54773.0,0.0,2940.0,0,True,False,True,False,False
66.0,53419.0,58108.0,12.0,-1388.0,0,False,False,False,True,False
79.0,1670.0,25283.0,3.0,3668.0,0,True,False,True,False,False
37.0,39337.0,44374.0,19.0,12715.0,0,False,False,True,False,False
65.0,82487.0,50849.0,17.0,24370.0,1,True,False,False,True,False
42.0,56502.0,7393.0,5.0,16375.0,1,False,True,True,False,False
39.0,53588.0,22313.0,2.0,15089.0,1,True,False,False,True,False
30.0,86415.0,63300.0,22.0,-2988.0,1,True,False,False,True,False
76.0,44588.0,25484.0,12.0,10954.0,0,False,False,True,False,False
36.0,75236.0,-13934.0,26.0,9464.0,1,True,False,False,False,False
66.0,52586.0,28185.0,15.0,12325.0,0,False,True,False,True,False
53.0,57600.0,46869.0,26.0,7114.0,0,False,False,True,False,False
29.0,25653.0,30097.0,4.0,23296.0,0,False,False,False,True,False
78.0,40359.0,40730.0,3.0,10422.0,0,True,False,False,False,False
58.0,22049.0,44073.0,20.0,11201.0,0,False,False,False,False,False
36.0,48095.0,24675.0,7.0,-5699.0,0,False,False,False,False,True
29.0,57808.0,22209.0,18.0,9146.0,1,False,False,False,True,False
26.0,27799.0,32301.0,13.0,19194.0,0,False,False,False,True,False
24.0,90983.0,32666.0,6.0,14444.0,0,False,False,True,False,False
45.0,55562.0,30811.0,13.0,-7244.0,1,False,False,False,True,False
31.0,51155.0,31427.0,5.0,6402.0,0,False,True,False,False,True
48.0,65393.0,18771.0,11.0,23855.0,1,True,False,False,False,False
69.0,33421.0,41254.0,15.0,8794.0,0,False,True,False,False,False
36.0,53269.0,38988.0,16.0,12579.0,0,False,False,False,False,True
75.0,35662.0,9959.0,12.0,22952.0,1,False,False,False,True,False
64.0,81173.0,24162.0,22.0,8763.0,1,True,False,False,True,False
33.0,28827.0,31396.0,13.0,16328.0,0,False,True,False,False,True
70.0,51263.0,21985.0,28.0,13291.0,0,True,False,True,False,False
22.0,56586.0,39560.0,6.0,15001.0,0,False,True,False,False,False
52.0,57896.0,28996.0,13.0,13033.0,0,False,False,False,False,True
29.0,38375.0,32536.0,14.0,5618.0,0,True,False,False,False,True
42.0,32089.0,23989.0,11.0,6417.0,1,True,False,False,True,False
69.0,38664.0,101.0,16.0,3163.0,1,False,False,False,False,False
76.0,60566.0,-755.0,8.0,-3117.0,1,True,False,False,True,False
38.0,47123.0,38844.0,21.0,19956.0,0,False,True,False,False,True
53.0,65924.0,34003.0,14.0,10080.0,0,False,True,True,False,False
70.0,59540.0,36579.0,11.0,19553.0,1,False,True,False,False,False
40.0,4461.0,32017.0,1.0,22522.0,0,False,True,False,False,True
33.0,54949.0,33218.0,4.0,10427.0,0,False,False,False,False,True
74.0,95009.0,44535.0,12.0,-507.0,0,True,False,True,False,False
56.0,76505.0,36669.0,26.0,8430.0,0,False,True,False,False,True
62.0,58440.0,45613.0,19.0,4630.0,0,False,False,False,False,True
70.0,28812.0,32571.0,22.0,-5841.0,0,True,False,False,False,False
59.0,59551.0,25494.0,7.0,5986.0,1,True,False,False,False,False
75.0,64794.0,32913.0,26.0,9427.0,0,False,False,False,False,False
56.0,44925.0,17457.0,13.0,4853.0,1,False,False,False,True,False
31.0,56334.0,24302.0,14.0,3827.0,0,False,True,True,False,False
48.0,80193.0,32663.0,10.0,-220.0,0,True,False,False,False,False
75.0,32854.0,32464.0,0.0,11567.0,1,True,False,False,True,False
22.0,28834.0,28403.0,20.0,24954.0,1,False,False,False,True,False
52.0,63853.0,9177.0,2.0,20228.0,0,True,False,True,False,False
40.0,59150.0,39546.0,16.0,15229.0,0,False,True,True,False,False
46.0,70576.0,42513.0,27.0,15403.0,0,True,False,False,False,True
60.0,61395.0,54655.0,18.0,8938.0,1,False,False,False,True,False
28.0,38644.0,36626.0,13.0,-4436.0,1,False,False,False,False,False
35.0,58643.0,30021.0,21.0,7044.0,0,False,True,True,False,False
64.0,27157.0,14804.0,29.0,2245.0,0,False,True,False,True,False
29.0,44993.0,52380.0,22.0,11237.0,0,True,False,False,False,False
26.0,60055.0,33717.0,7.0,19865.0,1,True,False,False,True,False
27.0,42789.0,32900.0,12.0,25787.0,0,False,False,True,False,False
75.0,99361.0,26189.0,26.0,10516.0,0,False,True,False,False,True
61.0,12156.0,25230.0,19.0,-3337.0,0,False,True,False,True,False
34.0,39050.0,40324.0,2.0,10501.0,0,False,True,False,False,False
78.0,31244.0,14678.0,4.0,10718.0,0,True,False,True,False,False
55.0,35993.0,54381.0,8.0,15430.0,0,False,True,False,False,True
24.0,37140.0,51112.0,28.0,9846.0,0,False,False,False,False,False
63.0,23471.0,24689.0,5.0,10532.0,0,False,False,False,False,False
30.0,65054.0,17042.0,24.0,4943.0,1,True,False,False,False,False
57.0,39058.0,-228.0,21.0,7504.0,0,True,False,False,True,False
59.0,53271.0,11228.0,1.0,14105.0,0,False,True,True,False,False
26.0,41303.0,40948.0,12.0,-6067.0,1,True,False,False,False,False
67.0,36182.0,34730.0,4.0,7461.0,1,False,False,False,True,False
44.0,83445.0,37404.0,27.0,15503.0,0,False,True,True,False,False
75.0,68458.0,2316.0,26.0,23125.0,0,False,False,True,False,False
19.0,12635.0,24062.0,24.0,6813.0,0,False,True,False,True,False
22.0,10517.0,50509.0,7.0,19482.0,0,True,False,False,True,False
46.0,70852.0,28559.0,22.0,23520.0,0,False,True,False,False,False
54.0,39602.0,10915.0,0.0,6916.0,0,False,True,True,False,False
55.0,17018.0,28325.0,19.0,5534.0,0,False,False,False,False,True
36.0,70914.0,18434.0,11.0,8543.0,0,False,False,False,True,False
25.0,53382.0,35005.0,22.0,9344.0,0,False,True,True,False,False
65.0,55031.0,30308.0,10.0,18726.0,0,True,False,True,False,False
62.0,66190.0,38149.0,6.0,3810.0,1,True,False,False,False,False
18.0,23800.0,11731.0,14.0,22304.0,0,False,False,False,False,True
39.0,17369.0,23269.0,21.0,3593.0,0,True,False,False,False,False
69.0,81619.0,46356.0,23.0,-115.0,0,False,False,False,False,True
34.0,21256.0,9685.0,10.0,14190.0,1,True,False,False,False,True
24.0,25555.0,14953.0,28.0,19844.0,0,False,True,False,True,False
42.0,29551.0,32989.0,21.0,11429.0,0,False,False,True,False,False
62.0,91598.0,34300.0,25.0,13480.0,0,False,False,True,False,False
21.0,59867.0,22667.0,15.0,25634.0,0,False,True,True,False,False
53.0,69308.0,25823.0,2.0,19957.0,0,False,False,False,False,True
23.0,53923.0,37998.0,19.0,10247.0,0,True,False,True,False,False
77.0,37962.0,42744.0,13.0,6550.0,0,True,False,False,True,False
48.0,62625.0,13961.0,2.0,18760.0,0,False,False,False,False,True
36.0,18867.0,35464.0,0.0,16634.0,0,True,False,False,False,True
78.0,28094.0,52680.0,25.0,13348.0,0,False,False,False,False,True
61.0,64659.0,28261.0,20.0,7383.0,0,False,True,False,False,True
71.0,22854.0,13802.0,14.0,9388.0,1,False,False,False,True,False
56.0,46218.0,13108.0,0.0,8819.0,0,False,True,True,False,False
44.0,47129.0,27588.0,16.0,7517.0,1,True,False,False,True,False
27.0,39426.0,45537.0,1.0,5190.0,0,False,True,True,False,False
43.0,10977.0,29388.0,28.0,12121.0,0,True,False,False,True,False
36.0,37421.0,32838.0,19.0,4829.0,0,False,False,False,False,False
56.0,33500.0,15054.0,5.0,11419.0,1,True,False,False,False,False
79.0,53228.0,44746.0,7.0,-6798.0,1,False,False,False,False,False
20.0,52209.0,12815.0,28.0,5201.0,0,False,False,False,False,False
62.0,57559.0,22432.0,15.0,18786.0,0,False,True,False,False,True
30.0,36480.0,39448.0,18.0,2796.0,0,False,True,False,False,True
67.0,60455.0,-591.0,0.0,14736.0,1,False,True,False,True,False
45.0,18879.0,32609.0,2.0,3461.0,0,False,True,False,True,False
79.0,13561.0,14413.0,27.0,16206.0,0,True,False,False,False,False
75.0,3288.0,30248.0,2.0,7623.0,0,True,False,True,False,False
37.0,40014.0,24719.0,4.0,7306.0,0,True,False,False,False,False
45.0,34934.0,61587.0,26.0,10434.0,0,False,False,False,True,False
25.0,65786.0,24103.0,11.0,-747.0,1,True,False,False,False,False
78.0,37026.0,57639.0,11.0,17776.0,0,True,False,False,True,False
58.0,55467.0,38804.0,19.0,20427.0,1,True,False,False,False,False
56.0,66265.0,17978.0,12.0,7119.0,0,False,True,True,False,False
18.0,36273.0,34962.0,19.0,14193.0,0,True,False,False,False,False
20.0,55961.0,25433.0,8.0,16231.0,0,False,False,True,False,False
30.0,70038.0,33632.0,6.0,9269.0,0,False,True,True,False,False
45.0,25236.0,19291.0,3.0,1134.0,1,False,False,False,True,False
79.0,50497.0,55352.0,18.0,22752.0,0,True,False,True,False,False
74.0,36359.0,43880.0,21.0,6859.0,0,False,True,False,False,True
77.0,26510.0,30476.0,18.0,5126.0,0,False,False,False,False,True
66.0,19270.0,55936.0,5.0,23110.0,0,True,False,False,False,True
42.0,26187.0,31114.0,26.0,14880.0,0,False,False,False,True,False
73.0,51200.0,46464.0,12.0,12059.0,0,False,False,False,False,True
50.0,17783.0,30574.0,10.0,2233.0,0,False,False,False,True,False
55.0,38985.0,35908.0,12.0,16422.0,1,True,False,False,True,False
70.0,66263.0,28778.0,12.0,33172.0,0,True,False,False,False,True
23.0,58980.0,31429.0,27.0,17044.0,0,False,False,True,False,False
75.0,39389.0,32557.0,24.0,13968.0,1,False,True,False,False,False
61.0,83793.0,19954.0,21.0,15768.0,1,False,True,False,True,False
62.0,87860.0,23983.0,27.0,7375.0,0,True,False,False,False,True
49.0,50522.0,26748.0,19.0,7298.0,1,True,False,False,True,False
62.0,629.0,33445.0,14.0,7196.0,1,True,False,True,False,False
78.0,67728.0,29541.0,20.0,5400.0,0,True,False,True,False,False
64.0,4120.0,47595.0,12.0,7180.0,0,True,False,False,False,True
38.0,79522.0,42706.0,21.0,7143.0,1,False,True,False,True,False
33.0,71671.0,27055.0,10.0,8042.0,1,True,False,False,False,False
71.0,85484.0,50726.0,18.0,7818.0,1,False,False,False,False,False
38.0,55205.0,58095.0,7.0,11944.0,0,False,False,False,True,False
28.0,42772.0,-657.0,19.0,10630.0,0,False,True,False,True,False
77.0,40997.0,43984.0,7.0,11338.0,0,False,False,False,True,False
54.0,39074.0,19605.0,9.0,22178.0,0,False,True,False,False,True
53.0,69621.0,42011.0,25.0,10613.0,0,False,True,True,False,False
52.0,64245.0,48573.0,15.0,27687.0,1,False,False,False,False,False
36.0,52404.0,16845.0,18.0,12821.0,0,True,False,False,False,True
37.0,35556.0,2215.0,25.0,6421.0,1,False,False,False,True,False
74.0,102584.0,42531.0,22.0,20796.0,1,False,False,False,True,False
35.0,68247.0,32031.0,10.0,9363.0,0,False,True,True,False,False
64.0,18045.0,4973.0,12.0,-9149.0,0,False,False,False,True,False
58.0,39674.0,67943.0,27.0,9967.0,1,False,True,False,False,True
66.0,68635.0,39366.0,8.0,8006.0,1,True,False,False,False,True
31.0,34009.0,40051.0,19.0,22852.0,0,True,False,True,False,False
32.0,57030.0,50487.0,23.0,2819.0,0,True,False,False,False,True
48.0,69015.0,21287.0,18.0,7338.0,1,False,False,False,False,False
18.0,-17768.0,31956.0,15.0,20141.0,0,False,True,False,False,True
70.0,47839.0,10210.0,6.0,13155.0,0,True,False,False,False,True
71.0,48624.0,20880.0,18.0,8628.0,0,False,True,False,False,True
71.0,41758.0,35784.0,11.0,3948.0,1,False,True,False,False,False
20.0,56033.0,5020.0,14.0,12813.0,1,True,False,False,True,False
33.0,63150.0,20455.0,22.0,9765.0,0,True,False,False,False,True
40.0,52841.0,16080.0,13.0,3857.0,1,False,True,True,False,False
74.0,42523.0,32131.0,10.0,4273.0,1,True,False,False,False,False
28.0,62652.0,38620.0,25.0,3484.0,0,False,True,True,False,False
29.0,50981.0,41132.0,9.0,2059.0,0,False,True,False,False,True
27.0,45385.0,44982.0,26.0,17472.0,0,True,False,True,False,False
49.0,23754.0,50581.0,10.0,16395.0,0,False,False,False,False,True
33.0,18746.0,39108.0,5.0,17485.0,0,True,False,False,False,False
25.0,23375.0,58310.0,1.0,10035.0,0,False,False,True,False,False
55.0,55566.0,31792.0,10.0,8058.0,0,False,True,True,False,False
29.0,48418.0,27400.0,18.0,8204.0,0,False,True,False,False,True
41.0,20394.0,39109.0,5.0,18168.0,0,False,False,False,False,True
45.0,62918.0,26753.0,13.0,-4561.0,0,False,True,False,True,False
70.0,77486.0,57788.0,19.0,5884.0,0,False,False,False,False,True
25.0,38030.0,46964.0,5.0,2901.0,0,False,False,False,False,True
75.0,15180.0,41254.0,16.0,20879.0,0,False,True,False,True,False
45.0,35817.0,31971.0,9.0,6180.0,1,False,False,False,False,True
53.0,67089.0,23887.0,27.0,-3087.0,0,True,False,False,False,True
43.0,60970.0,40519.0,0.0,11787.0,1,True,False,False,True,False
25.0,31551.0,13093.0,2.0,7039.0,1,False,True,False,False,False
75.0,80423.0,53015.0,7.0,5544.0,0,False,True,False,False,False
77.0,76965.0,27335.0,7.0,4719.0,0,False,False,False,False,True
67.0,35339.0,34576.0,26.0,4404.0,0,False,False,False,False,True
45.0,35134.0,16355.0,19.0,15668.0,1,False,False,False,True,False
45.0,38143.0,40844.0,21.0,11790.0,0,False,False,False,True,False
54.0,39853.0,23193.0,14.0,8416.0,1,True,False,False,False,False
58.0,69010.0,39738.0,23.0,1214.0,0,True,False,True,False,False
53.0,58506.0,41360.0,6.0,8648.0,0,False,True,False,False,True
44.0,67541.0,20285.0,10.0,12085.0,0,False,False,True,False,False
71.0,63471.0,13147.0,6.0,12389.0,0,False,False,True,False,False
34.0,84290.0,52978.0,28.0,11287.0,1,False,True,False,True,False
26.0,28812.0,27115.0,3.0,2619.0,0,False,False,False,False,True
50.0,57607.0,33372.0,24.0,-9225.0,0,False,False,False,False,True
70.0,6523.0,37281.0,11.0,24396.0,0,False,False,False,True,False
37.0,23660.0,11194.0,25.0,-477.0,0,False,False,True,False,False
30.0,48502.0,36939.0,5.0,-5719.0,1,False,False,False,True,False
45.0,58364.0,31486.0,13.0,11044.0,1,False,True,False,False,False
65.0,47963.0,20347.0,11.0,-3668.0,0,False,False,False,False,True
46.0,38656.0,12651.0,10.0,3561.0,1,False,True,False,False,False
30.0,42211.0,39088.0,18.0,14390.0,1,False,False,False,True,False
63.0,77388.0,46915.0,20.0,24181.0,0,True,False,False,False,True
52.0,42319.0,32678.0,4.0,13100.0,1,True,False,False,False,False
78.0,84984.0,8483.0,13.0,6486.0,1,True,False,False,False,False
23.0,65880.0,14140.0,20.0,9588.0,0,True,False,True,False,False
35.0,59150.0,23518.0,23.0,-4468.0,0,False,True,False,False,True
68.0,26128.0,53469.0,15.0,6393.0,1,False,True,False,False,False
22.0,68704.0,26298.0,24.0,6401.0,0,False,False,False,False,False
64.0,40124.0,22971.0,12.0,11226.0,0,True,False,True,False,False
42.0,26111.0,4897.0,24.0,25537.0,0,False,True,False,False,False
19.0,60256.0,20149.0,28.0,-5494.0,1,False,False,False,False,False
27.0,22241.0,11505.0,21.0,6738.0,1,False,False,False,False,False
73.0,34755.0,14952.0,21.0,-4668.0,0,False,True,True,False,False
47.0,49797.0,31799.0,24.0,5973.0,1,True,False,False,False,False
67.0,94368.0,23982.0,19.0,3083.0,1,False,False,False,False,False
76.0,36261.0,55492.0,21.0,-1954.0,1,True,False,False,False,True
62.0,40835.0,46170.0,3.0,17304.0,0,True,False,False,False,True
22.0,64646.0,20866.0,10.0,12045.0,0,True,False,True,False,False
72.0,25234.0,16247.0,16.0,16366.0,1,False,False,False,True,False
73.0,58856.0,50739.0,6.0,5746.0,0,True,False,False,False,True
50.0,74118.0,54900.0,13.0,9434.0,0,False,False,True,False,False
71.0,43858.0,-2913.0,25.0,22757.0,1,True,False,False,False,False
18.0,70523.0,31392.0,10.0,9978.0,1,False,False,False,False,False
35.0,55828.0,26221.0,27.0,16463.0,0,True,False,True,False,False
49.0,35386.0,39736.0,21.0,5060.0,0,False,True,False,False,False
64.0,46043.0,59140.0,8.0,15728.0,0,True,False,False,False,False
66.0,42404.0,22739.0,22.0,5608.0,1,True,False,False,True,False
